                  epoch,         train/box_loss,        train/pose_loss,        train/kobj_loss,         train/cls_loss,         train/dfl_loss,   metrics/precision(B),      metrics/recall(B),       metrics/mAP50(B),    metrics/mAP50-95(B),   metrics/precision(P),      metrics/recall(P),       metrics/mAP50(P),    metrics/mAP50-95(P),           val/box_loss,          val/pose_loss,          val/kobj_loss,           val/cls_loss,           val/dfl_loss,                 lr/pg0,                 lr/pg1,                 lr/pg2
                      1,                 1.2782,                 2.2012,                0.51322,                 1.8558,                 1.3239,                      0,                      0,                      0,                      0,                      0,                      0,                      0,                      0,                      0,                      0,                      0,                 328.08,                      0,                0.00064,                0.00064,                0.00064
                      2,                 0.8312,                0.65364,                0.31939,                0.72151,                0.98762,                      0,                      0,                      0,                      0,                      0,                      0,                      0,                      0,                      0,                      0,                      0,                    inf,                      0,              0.0012839,              0.0012839,              0.0012839
                      3,                0.86231,                0.43214,                 0.2628,                0.67334,                 1.0212,                      0,                      0,                      0,                      0,                      0,                      0,                      0,                      0,                  5.987,                 11.919,                 8.4553,                 7.3735,                 97.331,              0.0019115,              0.0019115,              0.0019115
                      4,                0.84825,                 0.3706,                0.18713,                0.61195,                 1.0262,                      0,                      0,                      0,                      0,                      0,                      0,                      0,                      0,                      0,                      0,                      0,                0.00049,                      0,              0.0019258,              0.0019258,              0.0019258
                      5,                0.74896,                0.26931,                0.17733,                0.54813,                0.98707,                0.94526,                0.34524,                0.37228,                0.29299,                0.94526,                0.34524,                0.40005,                0.37607,                 1.3895,                 5.2894,                 1.4509,                  1.896,                 3.0257,              0.0019258,              0.0019258,              0.0019258
                      6,                0.69527,                0.21108,                 0.1423,                0.51092,                0.96978,                0.05133,                0.10714,                0.02647,                0.00637,                0.02199,                0.34524,                0.01988,                0.00714,                 3.3007,                  4.789,                0.10174,                 4.7413,                 3.6356,               0.001901,               0.001901,               0.001901
                      7,                0.69892,                0.26777,                0.15638,                0.49986,                0.96985,                0.00317,                0.05952,                0.00183,                0.00035,                0.00063,                 0.0119,                0.00032,                0.00013,                 3.9667,                 3.6673,                0.22495,                 6.6379,                  4.182,              0.0018763,              0.0018763,              0.0018763
                      8,                0.69236,                0.23883,                 0.1425,                0.47709,                0.97479,                0.62457,                0.09524,                0.13354,                0.09894,                0.62457,                0.09524,                0.13354,                0.10756,                 1.8998,                 2.8512,                 1.4642,                 3.7039,                  1.977,              0.0018515,              0.0018515,              0.0018515
                      9,                0.62975,                0.17697,                0.11792,                0.41642,                0.94333,                0.99687,                      1,                  0.995,                0.86823,                0.99687,                      1,                  0.995,                0.99317,                0.58267,                0.10924,                0.01233,                0.53936,                0.90604,              0.0018267,              0.0018267,              0.0018267
                     10,                 0.6545,                0.17022,                0.11968,                0.42565,                0.94256,                0.99917,                      1,                  0.995,                0.85155,                0.99917,                      1,                  0.995,                  0.995,                0.61202,                0.09417,                0.00971,                0.36796,                0.92372,               0.001802,               0.001802,               0.001802
                     11,                 0.6546,                0.22187,                0.12384,                0.44827,                0.95239,                0.99917,                      1,                  0.995,                0.85155,                0.99917,                      1,                  0.995,                  0.995,                  3.958,                 2.3323,                0.00206,                 6.8384,                  3.746,              0.0017772,              0.0017772,              0.0017772
                     12,                0.64565,                 0.1517,                 0.0902,                0.43617,                0.94735,                0.99779,                      1,                  0.995,                0.86989,                0.99779,                      1,                  0.995,                  0.995,                0.61264,                0.08967,                0.00707,                0.41627,                0.92912,              0.0017525,              0.0017525,              0.0017525
                     13,                0.62104,                0.16887,                0.09412,                0.41558,                0.94768,                0.99904,                      1,                  0.995,                 0.8448,                0.99904,                      1,                  0.995,                  0.995,                0.56444,                0.10088,                0.00582,                0.36615,                0.91245,              0.0017278,              0.0017278,              0.0017278
                     14,                0.57525,                0.13361,                 0.0849,                0.38477,                0.91966,                0.99843,                      1,                  0.995,                0.87022,                0.99843,                      1,                  0.995,                  0.995,                0.54786,                0.07723,                0.01182,                0.37072,                 0.9076,               0.001703,               0.001703,               0.001703
                     15,                0.59343,                0.13885,                0.10398,                0.39265,                0.92595,                0.99886,                      1,                  0.995,                0.87575,                0.99886,                      1,                  0.995,                  0.995,                 0.5422,                0.08388,                0.00789,                0.32425,                0.90418,              0.0016783,              0.0016783,              0.0016783
                     16,                0.58617,                0.15476,                0.09016,                0.37941,                0.92078,                 0.9992,                      1,                  0.995,                0.86828,                 0.9992,                      1,                  0.995,                  0.995,                0.54396,                0.08743,                0.00624,                0.36254,                0.92316,              0.0016535,              0.0016535,              0.0016535
                     17,                0.61188,                0.15769,                 0.0992,                0.39583,                 0.9344,                 0.9991,                      1,                  0.995,                0.85652,                 0.9991,                      1,                  0.995,                  0.995,                0.57161,                0.06711,                0.00731,                 0.3375,                0.90471,              0.0016287,              0.0016287,              0.0016287
                     18,                0.58198,                 0.1629,                0.07903,                0.38294,                0.92106,                 0.9985,                      1,                  0.995,                0.84764,                 0.9985,                      1,                  0.995,                  0.995,                0.60095,                0.08997,                0.00807,                0.43567,                0.93931,               0.001604,               0.001604,               0.001604
                     19,                 0.5807,                0.14197,                0.08112,                0.37542,                0.92463,                0.99888,                      1,                  0.995,                0.87197,                0.99888,                      1,                  0.995,                  0.995,                0.55214,                0.06865,                0.00635,                0.33483,                0.91122,              0.0015793,              0.0015793,              0.0015793
                     20,                0.58752,                0.14751,                0.07429,                0.38606,                0.91832,                0.99703,                      1,                  0.995,                0.86417,                0.99703,                      1,                  0.995,                  0.995,                0.55335,                0.07825,                0.00893,                0.40835,                0.91029,              0.0015545,              0.0015545,              0.0015545
                     21,                0.59372,                0.12291,                0.07669,                0.38487,                0.93498,                0.99894,                      1,                  0.995,                0.86574,                0.99894,                      1,                  0.995,                  0.995,                0.53378,                0.05948,                0.00603,                0.36055,                0.91568,              0.0015298,              0.0015298,              0.0015298
                     22,                0.57232,                0.11751,                0.08154,                0.37649,                 0.9274,                 0.9993,                      1,                  0.995,                0.88306,                 0.9993,                      1,                  0.995,                  0.995,                0.53499,                0.06803,                 0.0074,                0.31166,                0.90058,               0.001505,               0.001505,               0.001505
                     23,                0.56231,                0.10086,                0.06607,                0.35754,                0.91666,                0.99925,                      1,                  0.995,                0.88745,                0.99925,                      1,                  0.995,                  0.995,                0.53611,                0.05432,                0.01418,                0.34547,                0.92836,              0.0014803,              0.0014803,              0.0014803
                     24,                0.56176,                0.10787,                0.06436,                0.34561,                0.92011,                0.99928,                      1,                  0.995,                0.89227,                0.99928,                      1,                  0.995,                  0.995,                 0.5161,                0.05394,                0.01788,                0.31817,                0.90188,              0.0014555,              0.0014555,              0.0014555
                     25,                0.54718,                 0.1095,                0.06674,                0.34547,                0.91549,                0.99928,                      1,                  0.995,                0.87268,                0.99928,                      1,                  0.995,                  0.995,                0.52989,                0.06073,                0.00475,                0.31755,                 0.9269,              0.0014307,              0.0014307,              0.0014307
                     26,                0.53909,                 0.1094,                0.05802,                0.34343,                0.90821,                0.99703,                      1,                  0.995,                0.87735,                0.99703,                      1,                  0.995,                  0.995,                0.55654,                0.06662,                0.00442,                0.45955,                0.92691,               0.001406,               0.001406,               0.001406
                     27,                 0.5394,                0.08791,                0.05329,                0.33492,                0.91087,                0.99892,                      1,                  0.995,                0.87493,                0.99892,                      1,                  0.995,                  0.995,                0.54193,                0.04977,                0.00519,                0.31025,                0.91133,              0.0013813,              0.0013813,              0.0013813
                     28,                0.52724,                0.08167,                0.05271,                0.33522,                0.90805,                0.99816,                      1,                  0.995,                0.85532,                0.99816,                      1,                  0.995,                  0.995,                0.55945,                0.05724,                0.00143,                0.42804,                0.92877,              0.0013565,              0.0013565,              0.0013565
                     29,                0.53303,                0.08398,                0.05595,                0.34521,                 0.9083,                0.99872,                      1,                  0.995,                0.88644,                0.99872,                      1,                  0.995,                  0.995,                0.50473,                0.08054,                0.00292,                0.31307,                0.89846,              0.0013318,              0.0013318,              0.0013318
                     30,                0.54226,                0.08705,                0.05869,                0.33988,                0.91517,                0.99928,                      1,                  0.995,                0.89016,                0.99928,                      1,                  0.995,                  0.995,                0.51745,                0.03917,                0.00393,                0.31643,                0.89975,               0.001307,               0.001307,               0.001307
                     31,                0.53679,                0.09478,                0.05428,                0.34154,                0.90608,                0.99929,                      1,                  0.995,                0.87238,                0.99929,                      1,                  0.995,                  0.995,                 0.5301,                 0.0394,                0.00621,                 0.3082,                0.90594,              0.0012822,              0.0012822,              0.0012822
                     32,                0.53763,                0.08397,                0.05176,                0.33765,                0.90817,                0.99901,                      1,                  0.995,                0.88555,                0.99901,                      1,                  0.995,                  0.995,                0.52149,                0.05182,                0.00348,                  0.324,                0.91291,              0.0012575,              0.0012575,              0.0012575
                     33,                0.52015,                0.07287,                0.05614,                0.32607,                0.90685,                0.99879,                      1,                  0.995,                0.88612,                0.99879,                      1,                  0.995,                  0.995,                 0.4998,                0.04036,                0.00568,                0.31503,                0.90577,              0.0012328,              0.0012328,              0.0012328
                     34,                0.52535,                0.07647,                0.04732,                0.31057,                0.90281,                0.99928,                      1,                  0.995,                0.86318,                0.99928,                      1,                  0.995,                  0.995,                0.55342,                0.04758,                0.00313,                0.29425,                0.91071,               0.001208,               0.001208,               0.001208
                     35,                0.53186,                0.07514,                0.03969,                 0.3172,                0.90379,                0.99933,                      1,                  0.995,                0.88262,                0.99933,                      1,                  0.995,                  0.995,                 0.5342,                0.04925,                 0.0032,                0.30758,                0.91775,              0.0011833,              0.0011833,              0.0011833
                     36,                0.52029,                0.09018,                  0.044,                0.31189,                0.90157,                0.99914,                      1,                  0.995,                0.87995,                0.99914,                      1,                  0.995,                  0.995,                  0.526,                0.05517,                0.00584,                 0.2939,                 0.8936,              0.0011585,              0.0011585,              0.0011585
                     37,                0.53554,                0.11076,                0.05196,                0.31434,                0.90993,                0.99572,                      1,                  0.995,                0.88162,                0.99572,                      1,                  0.995,                  0.995,                0.51373,                 0.0787,                0.00257,                0.56795,                0.89806,              0.0011337,              0.0011337,              0.0011337
                     38,                0.51229,                0.08291,                 0.0488,                0.30117,                0.89483,                0.99699,                      1,                  0.995,                0.88126,                0.99699,                      1,                  0.995,                  0.995,                 0.5169,                0.08437,                0.00239,                0.30747,                0.88771,               0.001109,               0.001109,               0.001109
                     39,                0.51457,                0.06939,                0.04119,                0.30252,                 0.8915,                0.99933,                      1,                  0.995,                0.89277,                0.99933,                      1,                  0.995,                  0.995,                0.49851,                0.04617,                0.00211,                0.28602,                0.89936,              0.0010842,              0.0010842,              0.0010842
                     40,                  0.519,                0.06924,                0.04752,                0.31561,                0.90884,                0.99898,                      1,                  0.995,                0.88217,                0.99898,                      1,                  0.995,                  0.995,                0.51632,                0.03071,                0.00361,                0.30938,                0.91693,              0.0010595,              0.0010595,              0.0010595
                     41,                0.49502,                 0.0739,                0.04292,                0.29463,                0.89857,                0.99748,                      1,                  0.995,                0.87808,                0.99748,                      1,                  0.995,                  0.995,                0.49453,                0.05106,                0.00264,                 0.2883,                0.91985,              0.0010347,              0.0010347,              0.0010347
                     42,                0.49798,                0.06521,                0.03458,                0.30276,                 0.8966,                0.99908,                      1,                  0.995,                0.88436,                0.99908,                      1,                  0.995,                  0.995,                0.50765,                 0.0343,                0.00303,                0.31611,                0.90291,                0.00101,                0.00101,                0.00101
                     43,                0.49832,                0.06204,                0.03358,                0.29712,                0.88745,                0.99932,                      1,                  0.995,                0.88811,                0.99932,                      1,                  0.995,                  0.995,                0.48595,                0.03067,                0.00201,                 0.2722,                0.89906,             0.00098525,             0.00098525,             0.00098525
                     44,                0.49218,                0.06117,                0.03798,                0.29825,                0.89587,                0.99924,                      1,                  0.995,                0.90039,                0.99924,                      1,                  0.995,                  0.995,                0.49233,                0.03205,                0.00171,                0.29399,                0.91215,              0.0009605,              0.0009605,              0.0009605
                     45,                0.50094,                0.07117,                0.03902,                 0.2909,                 0.9062,                0.99932,                      1,                  0.995,                0.89862,                0.99932,                      1,                  0.995,                  0.995,                0.51467,                0.03746,                0.00145,                0.27394,                  0.917,             0.00093575,             0.00093575,             0.00093575
                     46,                0.49226,                0.06068,                0.03702,                0.28169,                0.89104,                0.99932,                      1,                  0.995,                0.89574,                0.99932,                      1,                  0.995,                  0.995,                0.50411,                0.03163,                0.00224,                0.26289,                0.90796,               0.000911,               0.000911,               0.000911
                     47,                0.49196,                0.05707,                 0.0404,                0.28305,                0.89357,                      1,                      1,                  0.995,                0.90217,                      1,                      1,                  0.995,                  0.995,                 0.4866,                0.03093,                 0.0016,                0.27857,                0.89713,             0.00088625,             0.00088625,             0.00088625
                     48,                0.48986,                0.05753,                0.02957,                0.28427,                0.90005,                      1,                      1,                  0.995,                0.90981,                      1,                      1,                  0.995,                  0.995,                0.49183,                0.03486,                0.00162,                0.27045,                0.90202,              0.0008615,              0.0008615,              0.0008615
                     49,                0.49412,                0.08253,                0.04337,                0.29374,                0.88775,                0.99933,                      1,                  0.995,                0.89709,                0.99933,                      1,                  0.995,                  0.995,                0.52637,                0.04257,                0.00134,                0.28734,                0.91815,             0.00083675,             0.00083675,             0.00083675
                     50,                0.49174,                0.05314,                 0.0355,                0.28296,                0.88961,                 0.9993,                      1,                  0.995,                0.89164,                 0.9993,                      1,                  0.995,                  0.995,                0.49195,                0.03294,                0.00089,                 0.2778,                0.90698,               0.000812,               0.000812,               0.000812
                     51,                0.48887,                0.05611,                0.03716,                0.27788,                0.88962,                0.99926,                      1,                  0.995,                0.89154,                0.99926,                      1,                  0.995,                  0.995,                0.49705,                0.03217,                0.00163,                0.28225,                0.89704,             0.00078725,             0.00078725,             0.00078725
                     52,                0.48984,                0.06243,                0.03846,                0.28489,                0.89352,                0.99934,                      1,                  0.995,                0.89118,                0.99934,                      1,                  0.995,                  0.995,                0.48806,                0.02658,                0.00134,                 0.2716,                0.89446,              0.0007625,              0.0007625,              0.0007625
                     53,                0.47877,                0.05115,                0.03562,                0.27275,                0.89008,                0.99932,                      1,                  0.995,                0.89881,                0.99932,                      1,                  0.995,                  0.995,                0.50468,                 0.0313,                0.00146,                0.26461,                0.90451,             0.00073775,             0.00073775,             0.00073775
                     54,                0.47211,                0.05081,                0.03795,                0.27337,                0.89144,                0.99933,                      1,                  0.995,                0.90468,                0.99933,                      1,                  0.995,                  0.995,                0.50428,                0.03121,                0.00149,                0.25906,                0.89735,               0.000713,               0.000713,               0.000713
                     55,                0.47287,                0.05466,                0.03691,                0.27031,                0.88545,                0.99931,                      1,                  0.995,                0.89438,                0.99931,                      1,                  0.995,                  0.995,                0.49065,                 0.0297,                0.00143,                0.25387,                0.88716,             0.00068825,             0.00068825,             0.00068825
                     56,                0.46451,                0.04761,                0.03756,                0.26774,                0.88583,                0.99932,                      1,                  0.995,                 0.9069,                0.99932,                      1,                  0.995,                  0.995,                0.48646,                0.02584,                 0.0021,                0.24716,                0.88762,              0.0006635,              0.0006635,              0.0006635
                     57,                0.47271,                0.06407,                0.03694,                0.26621,                0.88353,                0.99933,                      1,                  0.995,                0.90492,                0.99933,                      1,                  0.995,                  0.995,                0.48978,                0.03332,                0.00181,                0.25994,                0.89108,             0.00063875,             0.00063875,             0.00063875
                     58,                0.48031,                0.04762,                0.03601,                0.26785,                0.88501,                      1,                      1,                  0.995,                0.89113,                      1,                      1,                  0.995,                  0.995,                0.48831,                0.02755,                0.00223,                0.25194,                0.89233,               0.000614,               0.000614,               0.000614
                     59,                0.47881,                0.04395,                0.03011,                0.26459,                0.88279,                      1,                      1,                  0.995,                0.89975,                      1,                      1,                  0.995,                  0.995,                0.51029,                0.02818,                0.00136,                0.25581,                0.89046,             0.00058925,             0.00058925,             0.00058925
                     60,                0.46004,                0.04301,                 0.0332,                0.25496,                0.87704,                      1,                      1,                  0.995,                0.90459,                      1,                      1,                  0.995,                  0.995,                0.48408,                0.02565,                0.00155,                0.24963,                0.88951,              0.0005645,              0.0005645,              0.0005645
                     61,                0.46964,                0.04144,                0.03164,                0.25586,                 0.8872,                      1,                      1,                  0.995,                0.89946,                      1,                      1,                  0.995,                  0.995,                0.48113,                0.02957,                0.00117,                0.24012,                 0.8904,             0.00053975,             0.00053975,             0.00053975
                     62,                0.46701,                0.04068,                0.03199,                0.25502,                0.87077,                      1,                      1,                  0.995,                 0.9057,                      1,                      1,                  0.995,                  0.995,                0.46714,                0.02603,                0.00139,                0.24419,                0.88167,               0.000515,               0.000515,               0.000515
                     63,                0.45707,                0.04479,                0.03136,                0.25102,                0.87357,                      1,                      1,                  0.995,                0.90294,                      1,                      1,                  0.995,                  0.995,                0.47505,                0.02483,                0.00131,                0.24558,                0.88741,             0.00049025,             0.00049025,             0.00049025
                     64,                 0.4553,                0.03876,                0.02751,                0.24812,                0.88064,                      1,                      1,                  0.995,                0.90222,                      1,                      1,                  0.995,                  0.995,                0.48225,                0.02468,                0.00123,                0.23424,                0.88987,              0.0004655,              0.0004655,              0.0004655
                     65,                0.46181,                0.04636,                0.03548,                0.26046,                 0.8818,                0.99934,                      1,                  0.995,                0.90263,                0.99934,                      1,                  0.995,                  0.995,                0.48886,                0.02472,                 0.0014,                0.25384,                0.89377,             0.00044075,             0.00044075,             0.00044075
                     66,                0.45211,                0.03856,                0.02827,                0.24858,                0.88045,                0.99934,                      1,                  0.995,                0.91065,                0.99934,                      1,                  0.995,                  0.995,                0.46653,                0.03194,                0.00152,                0.24537,                0.88977,               0.000416,               0.000416,               0.000416
                     67,                0.45293,                 0.0361,                 0.0217,                0.24385,                0.87379,                0.99933,                      1,                  0.995,                0.91142,                0.99933,                      1,                  0.995,                  0.995,                0.46996,                0.02699,                0.00135,                0.23104,                 0.8868,             0.00039125,             0.00039125,             0.00039125
                     68,                   0.47,                0.03685,                0.02607,                0.25028,                 0.8877,                0.99934,                      1,                  0.995,                0.90619,                0.99934,                      1,                  0.995,                  0.995,                0.48315,                0.02362,                0.00095,                 0.2433,                0.88751,              0.0003665,              0.0003665,              0.0003665
                     69,                0.45746,                0.03631,                  0.029,                0.24582,                0.88143,                0.99935,                      1,                  0.995,                0.89879,                0.99935,                      1,                  0.995,                  0.995,                0.48291,                0.02242,                0.00114,                0.23427,                0.89345,             0.00034175,             0.00034175,             0.00034175
                     70,                0.45187,                0.04128,                0.03247,                0.24187,                0.88046,                0.99932,                      1,                  0.995,                 0.8965,                0.99932,                      1,                  0.995,                  0.995,                0.48364,                0.02223,                0.00113,                0.23075,                0.89392,               0.000317,               0.000317,               0.000317
                     71,                0.41452,                0.02289,                 0.0016,                0.21587,                0.84568,                0.99931,                      1,                  0.995,                0.89738,                0.99931,                      1,                  0.995,                  0.995,                0.47288,                0.02679,                0.00113,                0.23449,                0.88441,             0.00029225,             0.00029225,             0.00029225
                     72,                0.41888,                0.02366,                 0.0026,                0.21502,                0.83752,                0.99934,                      1,                  0.995,                0.89359,                0.99934,                      1,                  0.995,                  0.995,                0.48135,                0.02422,                0.00112,                0.22101,                 0.8879,              0.0002675,              0.0002675,              0.0002675
                     73,                0.41159,                0.02267,                0.00189,                0.20513,                0.83747,                      1,                      1,                  0.995,                0.90981,                      1,                      1,                  0.995,                  0.995,                0.46466,                0.02252,                0.00103,                0.22872,                0.88737,             0.00024275,             0.00024275,             0.00024275
                     74,                0.40969,                0.02166,                0.00104,                0.20686,                0.84257,                0.99934,                      1,                  0.995,                0.90768,                0.99934,                      1,                  0.995,                  0.995,                0.46972,                 0.0206,                0.00076,                0.22543,                0.88956,               0.000218,               0.000218,               0.000218
                     75,                0.40232,                0.02041,                0.00175,                0.20152,                 0.8462,                      1,                      1,                  0.995,                0.90538,                      1,                      1,                  0.995,                  0.995,                0.48091,                0.01954,                0.00067,                0.23138,                0.88973,             0.00019325,             0.00019325,             0.00019325
                     76,                 0.4014,                0.02057,                0.00084,                0.20363,                0.82823,                      1,                      1,                  0.995,                0.90916,                      1,                      1,                  0.995,                  0.995,                0.46958,                0.02163,                0.00064,                0.22269,                0.88956,              0.0001685,              0.0001685,              0.0001685
                     77,                 0.3988,                0.01945,                0.00164,                0.19874,                0.84544,                0.99934,                      1,                  0.995,                0.90371,                0.99934,                      1,                  0.995,                  0.995,                0.47041,                0.01947,                0.00062,                0.22822,                0.88693,             0.00014375,             0.00014375,             0.00014375
                     78,                0.39556,                0.01957,                0.00316,                0.19735,                0.83873,                0.99934,                      1,                  0.995,                0.91282,                0.99934,                      1,                  0.995,                  0.995,                0.46762,                0.01966,                0.00053,                0.21474,                0.88441,               0.000119,               0.000119,               0.000119
                     79,                0.39148,                0.01991,                0.00163,                0.19468,                0.83772,                      1,                      1,                  0.995,                 0.9126,                      1,                      1,                  0.995,                  0.995,                0.47157,                0.02036,                0.00044,                0.21957,                0.88581,              9.425e-05,              9.425e-05,              9.425e-05
                     80,                0.38904,                0.01976,                0.00204,                0.18917,                0.82922,                      1,                      1,                  0.995,                 0.9094,                      1,                      1,                  0.995,                  0.995,                0.46965,                0.01899,                0.00049,                0.20818,                0.88495,               6.95e-05,               6.95e-05,               6.95e-05
